race,rekomendasi,gambar,style,price,gender,Inspo
Asian,"Caps (Nike Sportswear Heritage 86), Shirt (AIRism Pique Short Sleeve Polo), Chinos (Asos Chinos Light Grey), Sneakers (Nike Air Force 1)","nike-sportswear-heritage-86-futura-washed-cap.jpg, pique-short-sleeve-polo-shirt.jpg, asos-chinos-light-grey.jpg, nike-air-force-1-sneaker.jpg",Casual,"249000, 299000, 303206, 1549000",Man,
Asian,"Hoodie (Niepce HTGY Hoodie Urban), Jogger Pants (Stoota Jogger Pants), Shoes (Adidas Oznova Shoes)","niepce-htgy-hoodie-urban.jpg, stoota-jogger-pants.jpg, adidas-oznova.jpg",Streetwear,"1289000, 207000, 1235000",Man,https://urbxn-techwear.com/wp-content/uploads/2021/11/cyberpunk-techwear-hoodie-4.jpg
Asian,"Suit (Dusty Rose Slim Fit Suit), T-Shirt (Baige Tshirt) ,Pants (Dusty Rose Slim Fit Pants), Shoes (Tuxedo Shoes Patent Leather Black Round Toe)","dusty-rose-slim-fit-suit.jpg, beige-tshirt.jpg, dusty-rose-slim-fit-pants.jpg, tuxedo-shoes-patent-leather-black-round-toe.jpg",Formal,"3000000, 150000, 600000, 900000",Man,https://www.shutterstock.com/image-photo/portrait-korean-asian-handsome-smile-600w-2103287651.jpg
Asian,"Top (Balenciaga Single-Breasted Blazer), T-Shirt (Grey T-Shirt),  Pants (Military-Code Cargo Pants), Shoes (Black Leather Shoes)","balenciaga-singlebreasted-blazer.jpg, grey-tshirt.jpg, militarycode-cargo-pants.jpg, black-leather-shoes.jpg",Casual,"13000000, 300000, 2000000, 1000000",Man,https://www.instagram.com/p/CrqMzeCLEjq/?hl=en
Asian,Top (Double Patchwork I-Tech Tee) Pants (Summer Casual Straight-Leg Hip-Hop Grey Sweatpants) Shoes (Vintage Blue Converse),"double-patchwork-itech-tee.jpg, summer-casual-straightleg-hiphop-grey-sweatpants.jpg, vintage-blue-converse.jpg",Casual,"600000, 700000, 799000",Unisex,https://www.instagram.com/p/CsYodErva3K/?hl=en
Asian,"Necklace (Jace Necklace), T-Shirt (Oversized Linen Mix T-Shirt), Pants (Ken Jersey Trackpants), Shoes (Velosamba Vegan Cycling Shoes white)","jace-necklace.jpg, oversized-linen-mix-t-shirt.jpg, ken-jersey-trackpants.jpg, adidas-velosamba-vegan-cycling-shoes.jpg",Casual,"320000, 370000, 820000, 2000000",Man,"https://lp.weekday.com/app003prod?set=key[resolve.pixelRatio],value[1]&set=key[resolve.width],value[675]&set=key[resolve.height],value[10000]&set=key[resolve.imageFit],value[containerwidth]&set=key[resolve.allowImageUpscaling],value[0]&set=key[resolve.format],value[jpeg]&set=key[resolve.quality],value[90]&set=source[/90/24/90244de02c96a0e387b1df679f2c9d0bd901746b.jpg],origin[dam],type[LOOKBOOK],ImageVersion[1]&call=url[file:/product/dynamic.chain]"
Asian,"Necklace (Jace Necklace), Shirt (Regular Printed Shirt), Jeans (Arrow Low Heavy Stitching), Boots (Round Toe Zippers Boots Short Ankle Boot)","jace-necklace.jpg, regular-printed-shirt.jpg, arrow-low-heavy-stitching.webp, round-toe-zippers-boots-short-ankle-boot.webp",Formal,"320000 ,900000, 500000, 800000",Women,"https://lp.weekday.com/app003prod?set=key%5Bresolve.pixelRatio%5D,value%5B1%5D&set=key%5Bresolve.width%5D,value%5B1500%5D&set=key%5Bresolve.height%5D,value%5B10000%5D&set=key%5Bresolve.imageFit%5D,value%5Bcontainerwidth%5D&set=key%5Bresolve.allowImageUpscaling%5D,value%5B0%5D&set=key%5Bresolve.format%5D,value%5Bwebp%5D&set=key%5Bresolve.quality%5D,value%5B90%5D&set=ImageVersion%5B1%5D,origin%5Bdam%5D,source%5B%2F7a%2Fa5%2F7aa50243237f6bfe5f3232cbb9a93acc3d7afd99.jpg%5D,type%5BLOOKBOOK%5D&call=url%5Bfile%3A%2Fproduct%2Fdynamic.chain%5D"
Asian,"Top (Ramie Linen Cotton Women Long Blouse),  Shirt (white Shirt),Pants (High-Waisted Wide-Leg Trousers),  Shoes (white Sneakers)","ramie-linen-cotton-women-long-blouse.jpg, white-shirt.jpg, high-waisted-wide-legged-trousers.jpg, white-sneakers.jpg",Casual,"1000000, 219000, 400000",Women,https://istorist.de/da/products/ramie-linen-cotton-women-long-blouse-212099h
Asian,"Shirt (Casual Style Unisex Street Style Long Sleeves Plain Cotton), Jeans (Hip-hop Baggy Jeans), Shoes (Adidas Superstar Sneakers)","casual-style-unisex-street-style-long-sleeves-plain-cotton.jpg, hiphop-baggy-jeans.jpg, adidas-superstar-sneakers.jpg",Casual,"200000, 250000, 180000",Man,https://www.buyma.us/items/28daf632-e382-4ffc-967d-56cd6a577442/
Asian,"Hoodie (Women Beige Cotton Hoodie), Skirt (Cotton Flared Midi Skirt), Shoes (Concave white Sneakers)","women-beige-cotton-hoodie.jpg, cotton-flared-midi-skirt.jpg, concave-white-sneakers.jpg",Casual,"200000, 300000, 400000",Women,https://www.instagram.com/p/CsyzqfVNuLg/?hl=en
Asian,"T-Shirt (Fine Black T-Shirt), Jeans (Astro Loose Baggy Jeans), Shoes (Adidas Superstar Original Black Campaign)","fine-tshirt.jpg, astro-loose-baggy-jeans.jpg, adidas-superstar-original-black-campaign.jpg",Casual,"350000, 1000000, 1200000",Unisex,"https://lp.weekday.com/app003prod?set=key[resolve.pixelRatio],value[]&set=key[resolve.width],value[475]&set=key[resolve.height],value[10000]&set=key[resolve.imageFit],value[containerwidth]&set=key[resolve.allowImageUpscaling],value[0]&set=key[resolve.format],value[jpeg]&set=key[resolve.quality],value[90]&set=source[/08/e2/08e23e7d32b75b60c1a8384cec295f95b6bfebe7.jpg],origin[dam],type[LOOKBOOK],ImageVersion[1]&call=url[file:/product/dynamic.chain]"
Asian,"Sunglasses (Rush Sunglasses), Jacket (Billie MC Jacket), Jeans (Astro Loose Baggy Jeans), Boots (Ankle Boots)","rush-sunglasses.jpg, billie-mc-jacket.jpg, astro-loose-baggy-jeans.jpg, ankle-boots.jpg",Street,"600000, 1700000, 1000000, 800000",Women,https://lp.weekday.com/app003prod?set=format%5Bwebp%5D%2Cquality%5B79%5D%2Csource%5B%2F28%2F1e%2F281e1e26edbb0e5c36b0d7e3867a2a28eab4b214.jpg%5D%2Corigin%5Bdam%5D%2Ccategory%5B%5D%2Ctype%5BLOOKBOOK%5D%2Cres%5Bm%5D%2Chmver%5B1%5D%2Ctarget%5Bhm.com%5D&call=url%5Bfile%3A%2Fproduct%2Fmain%5D
Asian,"Cap (Essential Cotton Cap), Sunglasses (Rush Sunglasses), Hoodie (Oversized Zip Hoodie), Shorts (Essence Bike Shorts)","essential-cotton-cap.jpg, rush-sunglasses.jpg, oversized-zip-hoodie.jpg, essence-bike-shorts.jpg",Casual,"350000, 600000, 890000, 250000",Unisex,https://lp.weekday.com/app003prod?set=quality%5B79%5D%2Csource%5B%2Ff8%2F5f%2Ff85f0c5a9dece5c2ac61985a16c8233c3a252406.jpg%5D%2Corigin%5Bdam%5D%2Ccategory%5B%5D%2Ctype%5BLOOKBOOK%5D%2Cres%5Bm%5D%2Chmver%5B1%5D%2Ctarget%5Bhm.com%5D&call=url[file:/product/main]
Asian,"Blouse (Mira Black Blouse), Trousers (Ila Slim Cargo Trousers), Boots (Round Toe Zippers Short Ankle Boots)","mira-blouse.jpg, ila-slim-cargo-trousers.jpg, round-toe-zippers-boots-short-ankle-boot.jpg",Formal,"700000, 1200000, 800000",Women,"https://lp.weekday.com/app003prod?set=key%5Bresolve.pixelRatio%5D,value%5B1%5D&set=key%5Bresolve.width%5D,value%5B1500%5D&set=key%5Bresolve.height%5D,value%5B10000%5D&set=key%5Bresolve.imageFit%5D,value%5Bcontainerwidth%5D&set=key%5Bresolve.allowImageUpscaling%5D,value%5B0%5D&set=key%5Bresolve.format%5D,value%5Bwebp%5D&set=key%5Bresolve.quality%5D,value%5B90%5D&set=ImageVersion%5B1%5D,origin%5Bdam%5D,source%5B%2Fe8%2F78%2Fe87885cc6f856d9d684544a68b9ff8e2846f6597.jpg%5D,type%5BLOOKBOOK%5D&call=url%5Bfile%3A%2Fproduct%2Fdynamic.chain%5D"
Asian,"Shirt (Align Lyocell Shirt), Jeans (Astro Loose Baggy Jeans), Shoes (Penny Loafers Patent Square Toe Shoes)","align-lyocell-shirt.jpg, astro-loose-baggy-jeans.jpg, penny-loafers-patent-square-toe-shoes.jpg",Formal,"800000, 1000000, 250000",Women,"https://lp.weekday.com/app003prod?set=key%5Bresolve.pixelRatio%5D,value%5B1%5D&set=key%5Bresolve.width%5D,value%5B500%5D&set=key%5Bresolve.height%5D,value%5B10000%5D&set=key%5Bresolve.imageFit%5D,value%5Bcontainerwidth%5D&set=key%5Bresolve.allowImageUpscaling%5D,value%5B0%5D&set=key%5Bresolve.format%5D,value%5Bwebp%5D&set=key%5Bresolve.quality%5D,value%5B90%5D&set=ImageVersion%5B1%5D,origin%5Bdam%5D,source%5B%2Fef%2Fdf%2Fefdf100132ba31880fa1807eecf1c072c996fe21.jpg%5D,type%5BLOOKBOOK%5D&call=url%5Bfile%3A%2Fproduct%2Fdynamic.chain%5D"
Asian,"Hat Piece (Udeng Bali), Shirt (Balinese Safari Shirt), Sarong (Kamen Saput Balinese Sarung), Sandals (Bata Sandals)","udeng-bali.jpg, balinese-safari-shirt.jpg, kamen-saput-balinese.jpg, bata-sandals.jpg",Vintage,"50000, 150000, 120000, 250000",Man,https://i.pinimg.com/736x/4c/72/1b/4c721bcc28a692f49cbd06aa92c687d2--street-snap-folk-style.jpg
Asian,"Jacket (Vintage Mexican Artwear Jacket), Pants (white Slim Fit Pants), Turtleneck (white Turtleneck)","vintage-mexican-artwear-jacket.jpg, white-slim-fit-pants.jpg, white-turtleneck.jpg",Bohemian,"5200000, 500000, 200000",Man,https://www.shutterstock.com/image-photo/three-friends-boho-style-clothes-260nw-2146794965.jpg
Asian,"Cap (Black Norton Caps), T-Shirt (Pocket Boxy Cut Oversized Grey T-Shirt), Pants (Teflon Switchable Cover Pants, Socks (Long Black Nike Shoes), Sneakers (Nike EXP X14 Just Do It Pack Black)","black-norton-caps.jpg, pocket-boxy-cut-oversized-grey-tshirt.jpg, teflon-switchable-cover-pants.jpg, long-black-nike-shoes.jpg, black-norton-caps.jpg",Street,"370000, 65000, 5000000, 150000, 2500000",Man,https://pbs.twimg.com/media/Dh8C7J3XcAACtNQ.jpg:large
Asian,"Waistcoast (Camel Hair Herringbone Jumper Waistcoat), Shirt (Gingham Brown Shirt), Tie (Brown Tie), Chino (Uniqlo Black Chino Skinny Fit), Shoes (Black Pantofel)","camel-hair herringbone-jumper-waistcoat.jpg, gingham-brown-shirt.jpg, brown-tie.jpg, uniqlo-black-chino-skinny-fit.jpg, black-pantofel.jpg",Vintage,"5000000, 800000, 220000, 600000, 1000000",Man,https://media.istockphoto.com/id/1141636771/photo/portrait-of-a-handsome-chinese-young-man-with-korean-style-clothes-walking-on-street-in-hurry.jpg?s=612x612&w=0&k=20&c=lpTlb9A2_DEaCCHC7v3X9cCuW4pZ--FDMIpG-EiI0Gs=
Asian,"T-Shirt (white T-Shirt), Jeans (Astro Loose Baggy Jeans), Shoes (Adidas Velosamba Vegan Cycling Shoes)","white-tshirt.jpg, astro-loose-baggy-jeans.jpg, adidas-velosamba-vegan-cycling-shoes.jpg",Casual,"150000, 890000, 1600000",Unisex,
Indian,"Sunglasses (Vogue Womens Eyewear Frames), Denim Shirt (Polo Ralph Lauren Button Down Denim Shirt), Chino (Uniqlo Chino Slim Fit), Sneakers (Nike Air Force 1)","https://storage.cloud.google.com/mixmate/vogue-womens-eyewear-frames.jpg, polo-ralph-lauren-button-down-denim-shirt.jpg, uniqlo-chino-slim-fit.jpg, nike-air-force-1-sneaker.jpg",Casual,"2100000, 2400000, 599000, 1549000",Man,https://i.pinimg.com/originals/8c/0b/a8/8c0ba80ce87b8a2fb25dfc5e390b1a38.jpg
Indian,"T-Shirt (white T-Shirt), Jeans (Astro Loose Baggy Jeans), Shoes (Adidas Velosamba Vegan Cycling Shoes)","white-tshirt.jpg, astro-loose-baggy-jeans.jpg, adidas-velosamba-vegan-cycling-shoes.jpg",Casual,"150000, 890000, 1600000",Unisex,
Indian,"T-Shirt (Floral Print Frill Trim Lantern Sleeve Blouse), Pants (SHEIN Self Belted Box Pleated Palazzo Pants Women Elegant Loose)",,Casual,"133000, 535500",Women,https://www.masalathai.com/2015/wp-content/uploads/2022/01/Saloni-lodha.jpg
Indian,"Jacket (Papperdine 2311 Bleach Denim Jacket Jeans Pria ), T-Shirt(white T-Shirt), Pants (M231 Celana Panjang Jeans Denim Stretch Pria Dark Blue C1170 - 33), Shoes (LOTUS RED |MNM x NAZ| Sepatu Sneakers Pria Casual / Sepatu Sporty)",,Casual,"329000, 150000, 294700, 215000",Man,https://qph.cf2.quoracdn.net/main-qimg-296f52f45036a8badf9cc103b48e20db.webp
Indian,"Tie-Back(Tie Back Argyle Pattern Knit Top), Pants (SHEIN VCAY Plus Fringe Detail Wide Leg Pants)",,Casual,"100000, 192000",Women,"data:image/jpeg;base64,/9j/4AAQSkZJRgABAQAAAQABAAD/4gHYSUNDX1BST0ZJTEUAAQEAAAHIAAAAAAQwAABtbnRyUkdCIFhZWiAH4AABAAEAAAAAAABhY3NwAAAAAAAAAAAAAAAAAAAAAAAAAAAAAAAAAAAAAQAA9tYAAQAAAADTLQAAAAAAAAAAAAAAAAAAAAAAAAAAAAAAAAAAAAAAAAAAAAAAAAAAAAAAAAAAAAAAAAAAAAlkZXNjAAAA8AAAACRyWFlaAAABFAAAABRnWFlaAAABKAAAABRiWFlaAAABPAAAABR3dHB0AAABUAAAABRyVFJDAAABZAAAAChnVFJDAAABZAAAAChiVFJDAAABZAAAAChjcHJ0AAABjAAAADxtbHVjAAAAAAAAAAEAAAAMZW5VUwAAAAgAAAAcAHMAUgBHAEJYWVogAAAAAAAAb6IAADj1AAADkFhZWiAAAAAAAABimQAAt4UAABjaWFlaIAAAAAAAACSgAAAPhAAAts9YWVogAAAAAAAA9tYAAQAAAADTLXBhcmEAAAAAAAQAAAACZmYAAPKnAAANWQAAE9AAAApbAAAAAAAAAABtbHVjAAAAAAAAAAEAAAAMZW5VUwAAACAAAAAcAEcAbwBvAGcAbABlACAASQBuAGMALgAgADIAMAAxADb/2wBDABQODxIPDRQSEBIXFRQYHjIhHhwcHj0sLiQySUBMS0dARkVQWnNiUFVtVkVGZIhlbXd7gYKBTmCNl4x9lnN+gXz/2wBDARUXFx4aHjshITt8U0ZTfHx8fHx8fHx8fHx8fHx8fHx8fHx8fHx8fHx8fHx8fHx8fHx8fHx8fHx8fHx8fHx8fHz/wAARCAJlAMUDASIAAhEBAxEB/8QAGgAAAgMBAQAAAAAAAAAAAAAAAQQAAgMFBv/EADoQAAIBAgQEBAIKAgIBBQAAAAABAgMRBBIhMQVBUXETIjJhgZEjJDNCUmJyobHBFDRDgvAGFaLR4f/EABgBAQEBAQEAAAAAAAAAAAAAAAABAgME/8QAHxEBAQEBAAMBAQEBAQAAAAAAAAERAiExQQMSEzJh/9oADAMBAAIRAxEAPwAWIGxDDapCwCgALAAAAkYFSBAwKsq5JbsUx2Pjh/JHzVHy6HL/AMypUk870KjtSxNOO8l8wRxVGT0qRv0POyk23roRAeoUk1o7gZwsPiqtBq0rx5p7HXoYmFePl0kt0Rcasoy7KsIoyjLsqwrJj/CuL1uGVLLz0ZPzQb/ddGIPcqwHON4ini+KVq9F3hNRaf8A1Rz2WZVgCPMhI8yAegAWAAAFgAABYAFQFgAAWxuIWHoSm99kvcZZweM1s9dUk9IL9yoQqTlUm5Sd29yQg5PQEYuTshmnDKLVk0I4a6KTw8oa2OhQhdodVGDVpWXcxesdJzK4dOOZPqjWm5UppxdmhytRp0qycZReuqT5BxGGtqthphqjVVWCktHzRdiWGk6c7PZjhpixVlGXZRhGb3KMu9yrAqyrLMqwBHmQkOZAPQgLAIAAtYBQAMLIwKgCRgUlomzymJqeLiKk+smekx1TwsLUlzseWLEpmnFqCstWR5k/tPkjSn9mrdDKUHdP56mW8NYWcvEgs27SHOJUKeHqeecpt62Odh4tVYfqR6PGYCOMjGSlaUVuYtyunM2OZg3QqU3ZwzL7slv8TZTTc6TW3mRthMFHD5lJRnm30BxCg6TjXjG1lZpdBq2WQo4rO1b3RvHoZSaUoyTvfY3urLo9jTnYDKMuykjTDN7lGXZVgVKssVYAjzISPMgHogEA2BCAuC4BYAXBcAgZCAcvjUsuFt1aRwErna46/LBfE48PUVPpuir0kWcQYbZpmkkYdoFNxi029bnpMJOtOEFkj4bj61Ln2PLuaTWVM7vDJ4icEozgl2M9N8xtGUqWI8Oquz6m3EGqmDnZemJeSnKdquV9LIleKWFq32yP+DnrbzcJZoZb9hzDz8anZvVf+f8Anc48a7hJc4vkMUMRkq3i9HqdrHCWV1ZqzKSNE1OnddzNllZsysmVZdlWVFGVZcqwBDmQMOZAjvXBcAACBkABABABCEIwOLxt+dL2OOtzq8YlmrO3KyOUWJTNCqo1rPZ6DjVzlDdCvK1nqZ6n1vjr4325Ha4TC8F59Xy6HHjOL5DuAc5Vkqby9bnO+nXn27k4pPc5XGeIwo4WdCnJOrUVrLki/EZVKdPKqj1WttDzFbWo2OOd8p+nWTEprNJIvGDzNx5MpBPSSGcNJKulL0y0O1coewVVuKV9v4GJLnyYpShkkpwHVZ09Nt+xz9N2MmVZZoqzTCrKyLlWUCHMgYbEA7JCAIIQhCgEIS4RASdkS4JOyA4HEZeafuznjnEJXrWQmWJQN6BklcYpJrQnXprmfW8UdHhi+sLWwpTp51oO4JKFVN3ucq7QzxNJxueVrfaS7npeIVV4bPNT1m37m+PTn+nlph03K/JFsru8t7Ap6U5P4DGHjmptN6czVSL4WTb15DrqLSK3WolFxhJ5V2ZpJvRrls0YrcMvUBhGrVm1HypLnYY1e5WbFWVZdoq0VkIbEDBaEA6xAEAICEKIAhWclGLk3ZICNlJxlNWjFvsYUa7rYhJ6Q6HcpQVkkjn13jpz+e+3kcXw/EqbqVKcoQb0b2RVcMrqSg4a77bnrsZQVbCVafWOhzqH02HozfqSs/4M/wCldJ+ccargJ0YKU42V7PTY3p4BtVIN3nDWPuhjH1XkceQzw+rGdOnO2uXK2OurIvHMuwrhcPOlUi2tHuMV6WSaklYfiovQriad6ZJdLMcTGNuJyJxtI7laGaDRy61JqXY6SuVmqYeOeSh10DTlKFOe6TVmVgstRNPY2nNKm01u77GtTMSCalprGSGacWk3shKnUyeV6rkdSlethtudjNWMqDUb3at0NmrbKyauZSpxe7aZpCLUVm1YhUAy9irRWAhsQNNaMhR0iAuS4BAC5LhBbE8bPSMOurGmznV556sny2RK1zAoPLUTR6LD1PImeep+pHUjiI06auzn1NdebjpTqqFOUnyRxuG1M1KovwzfyZnisbKcXG+nQx4ZPLUqR/FG5nMjXN3pbiWlx3hkXRw0YyjyvewriYeNiadNK/N9jqUZTULTi/Ynd8Y6fnzktLzq3mvLK3VbmniNTUZax6tFas55k8uW22hpCVWUbysulzErr1zM1jVVNzcLLbc5GLpqLkktjqVYzUryer5ieJg2sjd9N0b4t1j9OJJLHIjHd35msqcp0861SYY0s1Z20iinjODy7LU7R5uoyirxburx1R2cDNRq5WraJ2+F7nGhFxlfdHQwtaDhGM9JWtfp0FZ5MV2qido2JCWZa7oDzX0S+JaKavfdiFQDRYDKyEFuQMOZAHCXIwFQbkuC4LhAqSywk+iOcOYh/RSEzNb5XjoCtVtHVgTsL4mWhFTO5G2DnkxUOj0F6WsUyzn4c4y6NMVrn26tKEniW4vVpJe1h6FeUqkoRWbLo+4rSmoOdRauP8bg4dOr4cpLecm2cK9k8m6yqNWS8vsVoqo9c2hrUhOcbKSXUXhDzaztbozP1qXeAxMHG8pSv3E1DxZaO/IdrUYz805NAoxpQd3uXcqWf1wQeHUFON9na5zMZTUMQ0ndWvc7mLlTpyvHXMtUjk4yEqnntl0572OvF8+XD9OZedg0KbeHnUVrKyMHmTUktGaYWbp5lfdWsxmjBRoKMkrKd3c3a454b07TpRle918i5ipWqJRTcUnsbb6osZoAZZlWVkIkCiBTTARgZWUA2QDYGWIf0b7ioxiHaHxFWzNb59C3YVxDumbTYrUd6kV1YgYhaFNXKStKDb0LSfmS+6ZylfZKxHSR1cPVbp6bzpr/AOmNUVNWinZ9zl4Wb8KPVKUf7HMLU8Syk1c5dR6fz6dXw26dpTfcVcYKdnLTqM04Q8O17rnqL1FTU9LtHOt8fY2apOF3ZpC94KTum0MQqQcWktFysLVZxzXjCyBx9hfESg5Xa0XsJ1KkakZZXZ+49UjOunljY5dfCzUm5WSR2mPPZfMXpJ1qinF5bKzstLG0pKcnTto9E1/IcFiJNeFlVlHy9xiVBQyxUbNLWXU1vlizJqkKORattvds0toWSaWoDTkqypdoqwgIgUiAbsBYqVkGBhYGAtiX5V3FWxnFfdQsyX23PSk2KPWvHuNT2FoJ+Mm9mWBl6Kz5GebXRGsZbpopK+a6Wph2kaYeTi3fk1IZw8XCq4t2s7XFaaebzc00Nx1qRlf1RTM9Nfn7digoKG6fUyqyp5vIilOUIR3uzKpWjfyxscrHfi+acp1otWUbWMK1TM9ku6KRxDtbLYyqV5Sdmi4nNn9Vp487WSv2FK1GpWk3U0XQZhOf4SeJNu0o2+BrcZ5kvTbA06VJXjRvLqw4m0ql9tDalUcYJyiL1Hmk31Lx71z/AFskxQqWAzq8yrAyxVhUiQMSBGxVlgMrIFWWAwE8U/NHsLM3xT+l7IWcjLpPSlR2RWrHLOmr2agrk9c4x6uxG3VrVa33E7I18T6lN+bm37l5Sae6RWFmugMsXLmZdvreEk7NO9tRmCeVWV5Rk1v8RPLZWWiGYXlB2eripfLQzTmnI4etNeqMF7AWEblaVS763JRdSULN6GkYNytddzn1rv8AlnlpHCKMfVqZulaVtGxpUZZLZmZxovPlur9TNb4+ilNQ0tfsClSnOalJ2RvUpvJvt1DQp+R3lo+g1J/zpeTmnKMmnrpboZs2qpKSyu6sZM78+ni/T/qqALMBphVgZZlQJEgYkCtmAsypWAAy1gNAczFP6eQtLcbxcbV5e+ovbUy6F7SzpRTu9jorDeFgZwSvK133KRoqautGtmNqeajK+kktUVmuXSasa2TLUadNpXj8h6nw2nU2qSjpd87DFlIZEzSmrOMeV3H5jS4er6Vl8YmeIw0qEM2eMu3UljXN8q0aKm7OUl8To0MFB71KnzMaWDnUSqQatLVaj1HD14r037MlizrGkcCstlWqpd0RcO10rT+SN4QqreDGYU6j+4zH8t/6Z9IywU2knWb7xLU8E0mnVun7HRWFqSeyXdmn+Ko05OTu7PYf51L+3zXnKnqa6aGbGatLy5o8txdm+b4c+t3yoAsA0yqBlgASJCRIBvYDRewCsqNALgsAnjKWZKa3W/YRkjqYqrGhRlOWr2S6nLpuVSlna0va5K3G2Gl50mx+rg3UpNwlra2hybuMro6mBxSaUW9TF33G5l8EacJU6qhNWaZ1sNfzXVtGWxGGhiEpR0mv3KUKclm11tzNTrWbzg2fVfIzxVNyw8r201Nsk1zuVcZSi4trVW2NJPFThkpSw8Un6G4nUo3Ttfc4nDHLxKtNNJ6SOovEgr5o6dbiek69uhGN4rX2GKad0KcPbxNBSbyyu0ORpyjZ518isVugyV4tdUUTajdu5bN5U+Rpl55Jwm4TVmtGhSrDJUa5cjt8Twjd69NX/Ev7OXUj4tFteqH8Hnz+a9O/3zpRlWWYGdHJVgCQKkSEiQBkBYBWVbEsWF8VJtRowdpVHbsubAyjTji5SqVFenrGC9ubNo4anGj4UY2gaxioxUYqySsggcfEUJUZWeq5PqYpuDujs4iMZU2pK5zKtFw949SVuU3hca9FJnTpShUvOO7WvuebV4u6HcJXnmtHkYs+xudOy1Z9wKi2/LqCE3WgrqzNsLK1WzNSpY5FNOhxTLtmuv7OlUm3AT47BYXF0a62evyY1NqUbrZq5qM9efLocGf1Zr8zOg3aNP3Obwx5YJfmG61TLSpS6TK52GG14buWh9movoYzlvBbuF0WcstKnL31Ky1pyunGW607nOxWD8Gq6tJXpvddB5a3aNV5lfqSzYvNvNeVxNLwarjyeqMTrcaoeG6ckvK2zkmcxvdVYCzABI8yEjzIA0AJCopJqKbeiWrFcK/HnPENWUvLBPog47NUgqMHZz37G1OEaNKME9IqwFyCWK4jToSUYrxJc7PRC74x0o//ACC5XQrvyruYbiNXikp/8aXxM/8A3B/hC5TtbCqV5U9LchelPwpPTUouJWTvF6lP8iFaeiabI07GBxSlo9zop5mpR3PM05unNM7GFxO2ujRizG5d8NePxVfhsJJ3nGdrc9UDB5p4Km5JqSjlaatqNUqnmc42zx0TavuW8OplVSpJOUlrbbmb5rHXONsB6EaVp3jQj1lcGCXkMK07Sp2+6iudM06rqY3f0xsOys6FjlYHWtKT6HRnL6GbXJM0lVwVRzpyTezGoStKxzuHScoVY89x2Ms0YyW/MMs+LwU8BNveLTR5pnqMbHxsDVit8t/keYZOmuVWAsVMtDHmQiIA0Z1akacbyfwLzuoScd0tDlzvN55Nu/IAOpOU5VE/O9OxjXlJJycr92bN20QniZtq2iQITbbbbBctYFg6BcAWipoQ0orzp9DM3oxtEM9Vuy9OrKEbp7MonfToWpuN3CXPcyR26DdfCyq0Xaa3Q3gsRCvSy3tJaNdDhYHGSwlfLP07P3XUbqxqYbEf5FHXD1XdSXJ80Zx0/qO5Tl4UJeyYrUd0mXo1lXo+XVtfMpJJo3y5dTK2wbyXb2eg5TeanJdUIWdOin7sbw0r09DTDLh0vDxUk9mdCCtOUeV7o5svo8RmXOx0Kc02mEMQ1unszy1eHh1pw/DJo9StJI89xWKjj6tubT/YlJ7JlSwDLaIhEQobEMXSy1LxVotXbOgZ1o5qUla/MUcmV3yMKlLMtd+iHMl1zu9WUtZW2uZVzZ0Kkfusyfl3TXwOunTkrTX7gVGnJtOMdPfcptci99k/kTK3sn8jsRwsHooKTvbR7al1h6ctEnHW37lTa5EKTvc3SstUOyw2W7azJu7M1RzLy623QQq1bU1cVUo5o/aU9e6D4Mn6Vfqi1C9KbvHfRoNRjrKUZpJuPJ80djCTcM2HqQkovXLLsZ4bhmelOdKWZ7qPsXeIlUhCMovxKKspfij/APhL5anhtho/4+IlRu2t4v2GZuzFYQnVp0qyXmi2rdUMz1loXnwnd0xiP9emuZbByagZVJOUIxe6NMP5bLlc05r1Y5oqS5ajFDXL3RklyNaXlfyCGm7M4fF/9+fZfwdqT+kS9zjcY/3pdl/BKT2QAEBlpEQiIVTgGEAQlXhlq7aPX4i01e75J6s6Vem6kNPUtUc2d4ys9oq70M41KpTjF2bVzWGVWSg5O97aMykrK83lVtlvsBOOa6m733KhynSpTSa8rWbVaNfAtKFWjG8n4tJJa7tXMYYi8ctRZlZ2kt17oapVbTWWV4ytutNFbUzRaMFNXpvNHa3NcwTw6dp09JbrowOLT8SlG08qzJe4zQnGo042W2Zfx/BNWQvThCp9olGadm+tkM4bhkaknWqLy20XU1p0Y+IsyUmuZ1I6QS9jUSksNh4U62amsqfLkTG4ajCpCrGCU5Xu+oxTj5ynEtKdN+7Ns6SSUWklZXM3pL4mv3kZ1PUyqMnfXmbw2Fou6+QzDRoqNqbua0tU7mFP1SXsMw9fcgs5Xrpe/wDRyuL/AO9Lsv4One2Miut/4OZxf/dl+lfwSk9kABAZVEQiIUOEIQCC2JwvipuFlJrmtGMkA49ehKnUjOomlsBtPlotTsNJqz1RlLDUZXvSjrrsDXLjBXtF5br9jRTcGm9NTeVCEZaRtYrkT0lqiYpjDZnaK+fubwjlbbiozejaLYZKy023LON5D+TV8P6zpxd0jmUllqN9DpweiKlGC81xfirtCku/9DcVqI8Xdp0F3KhePqM6u5eBSp6iqFL126jMeXuKw0mhlO6QRrH7RPk3ZjNPk+jFYawk+juNQ2+NwJP/AG6L7/wc3jP+5/1R0qmmIoP3aObxn/c/6IVJ7c8AQGGkRCEKHCEIEQhAFEIQgC8/U+5lzNamkmZPcjRzDPyjeXW4lQ0SOitrmkZU4bvqO0NacWZQhZI1w+kLEDMEczi7+tUY9ItnUicjiz+vQXSH9lZZwBUDT3JUDTNepDMHbX3Flujdu131YRtTVk11WgzReiMKWt+q1NqPqQBr+uk+khDjS+txfWC/s6OIWsO5zuNP61H9C/lipPbmsAWQy0BCEAcAQgRCEIUQhCEGFX1GL3N625gw03pysonWjrBfA462R18M89CLNMt1G6RanpL2ZIItlIreCONxX/fX6EdmOxxuKa47tFFZjOnuWlqitPcvIjTLma8u6M2i69C9tCoZwruk+fM3pLzNdBXDPLNPk9xyKyzb6gWrK8U+jObxn/Zg/wAi/lnUkrnM419tS/R/YqOYRkIzLQEIQBshCAQhAAEBCAZVt0Yvc2rcjF7gXidjBaUYdjjJ2fwOzgvRFexpDklaN1y1LpAa+ja9i62IDHY4nEHmx8/ZJHcjojz+KebH1n+axUi0Ny8ikNzRkaZ3s0WS5dX/AEVkGGvdFhWtK+V9h6m81OMvgxPDvk9loN0FaMohGyOXxv7al+j+zqx5HM44vpKL/KxU+uURkIZaVZCMgDgAgAICECIQBAM63Iwe5vV5GLCpfU7eBd1E4S3O1w3WK9jSOm15SyWhLXQWggo85UebE1ZdZM9E3aLfRHmoO85PqwQxTNHsZwNHsRpk9yReWSfuGW5V7lhTELKbQ7Qd5SEYeq/Qbwz1l8AhqKObx3ej2Z1Ejl8c/wCDswn1yCEAZaBkIyEDZAEKIQgCoICEAyqvzIyb0L1H5mZNkUY+o7XDd12OItzscPn6TSO1HYjRIaxQbFZZYiWTD1H0izztE7vEZZcFU91Y4VHdolWGaZo9ikC7I0zkUZeRRgbU3dDVB6r3EqT8w3R3j3Kjox2RyuOf8HZ/0dWOxyuO70fiKz9cgAQGWwZCMgDQCECIQBAIQgHomyjCTvJlGWuVZFRLU6nD36TnU45pJD+EeSpHuaR3qLvFGpjRflNSskOMSthEuskcaj9p8Dqcbl5KUfds5dH7REWGoGjKQLvYjTORRmktjNgGm7SHKO6Eo+odpelMqOhB3SOXx71Uez/o6VB3ijm8e9VHs/6HxHIAQBloGQjIAyQFyBBAQhRCtR2gyxnWflQVkRELRV0BpRXniN01lqd2LUtJIcS867lR2KDvA3Rhh9Im6DNcbjb+mprpH+xGhvcc40/rcV0ghOjsRqG46FnsUiX5BVZbGbNZGTAC0Y5TfkQpYYpPzJe5UdHDPc53H/VR7P8Ao6NDc53H96PZ/wBC+k+uMwBAZUGQjIFMEBclygkBclwDcyq6s0Mqm4ESLqOi9yi3G/DXhproWJWa0aHqUc6T9xJqyOhg7NAP4aV4JdBqIpQVs1uo1AJXB4xK+OkukUhajsbcUd8dV7r+DKjsRYajsacjOPI1WxFUkZs1lsZyKK8jWh613MuRtQX0iRUdOjujm8ffnor2Z0qXI5nH/taP6WKjkMq2EDMqBCEA3IVuG4USAuQCGct7mhQAofyLwI2fIQitdB+Ek4ZXozUFJwfh3GsA7r4FMvls+aJgXlnb3COnSVnIZgL0ubGIBK83xB3xtb9RKS0K4x3xdX9b/kvS2IsMRNDKJqiKEtjKRrIzZRRbjFJfSow5jNBXmVHRpcjj8ff1mmukP7OxSOJx13xkV0ghU+uaVCwGVQhVkA3IU8WPVfMHjQ/EvmFaEM1Wg/vL5h8WH4kBcrYiqRk7J3YVuBaOj0GlK+r3F4LUYitbGkNUXmg10BhI6ZvcpTeRy7DOGjaC7sKco65kbwF6WjbGYCM15fEO+IqP87/k1pPQVrVF/kTX5n/IzTI1DEDVGMNzWJFSRmzVmbCKpajdBWbFoLUbo6yNIdprQ4PGn9fl7RR36fpPMcZm3xGrZ7WX7CpPZZlWZeI78yOozKtGQw8V9CASTKkehV9AoplimyLIDfDrzv2QwtzDCq+Z/AYW4VdaM3pO7fYxRpTdncqGN5acx3D+lLuc9S+lXwH4eVRXuUN01ob0zGHpNo7CM14ys/rM/wBb/kcpz0QnU1xEv1M2hcy1D1N3aN4i1BMZiFFmcjRmbCLUbOVhqgrTFaXquPUVfU0hqGx5Hiks3EMQ/wA7PXR2PFYypnxVWXWbf7ipGUmUb1C3fuVbMtImQqQAt6FbgzIrmA0i7kv0KKRE9QH8L9l8RhGOHVqMffU1T1CtdAr2JbRERUa0n503yHoyzZX7nNTsxyi721A61L0mi2fYyo+k1+6+xYzXjIq9Z92N0o3YlRlfENdzoUDLUM01ZGyMobGiCrMzkWbBLYIEHZnSoLyo59Kzmk0dOnGyNJVpyyUZy6RbPCTd5NntOJVFS4fXk/wNfM8M5u7JUi1wuRlmbYLsjTS92QpdogGmQDgmbZSZAMcgcprkJlAcgrRilyRdLUrHZFoxbkkiwbyXlRVIvFS1TI1YuJqpvh5Wsn1MQxdpEV38O7xNX6JdmKYCeaA1WeWhUl0i3+xYzXjKcbVWzoUlZIRovNUsPw3RlqGIl0URZMKsRshVhFqSvVXsdWGyOdh4eZM6ENjSUhx924ZNfikkeSynqf8A1A74alHrO/7HB8P2JUhTKTINOl0QPCfQilfDfQgz4ZAqti1iWLJAVsS2pdJEtqBtEe4fTzSk5LSwjHodTAxlGm80bJ7MsGdSm4SfS5lIfnFT+YnOOpUZWCFoiIrocObt8bD2PllwFeX5Gc/BNxp3/MM8YnbhdW33rL9ys15fC/brsdalG6uzkUdK8O52qatFIw2OUKizRJIDaKK7ESuw6bl45Ek2t9yo1pK9kh2CMcOopX9iOq7WRYzS3G7PDwit8xw1Bnb4gs1BN62kc1r2RL7WemKp3D4SNlb8IdLbNMmmF/DRBjQhUcpSLJmQb2I02QeZjmNKcryA2izq4bHwjSjGStbRnI+JEpWumWD0cJ0arTpyWpWphk918jiUasoyTV00d3B4uNaNpaSKE6mElHZ6GEqUkd2dO62ObiqUoTvFaBNaYKDdOUXumV43PLw+MOcpL9hvDRusyOdxpupWhTW0F+7IOG7xeaO61HsLxOnJWrJwkna+6YtOm1yMKMGsVJNeXLoY105mu4qsJ+mpF/EOrOZXwnj04VKStOm7v8yNoOpGNJwk476oav8AB27RE72E3iK8ac3KSnKD2sVjisRLaEUb1izHZhO0dyjr04vzTSOZavU9dR9jSFK3IusGK+J8byrSP7sxdNcmaKmucS6hG2xmqxVLow+G7bo1yL3IopBWGRkGHFcmQrLzncgLkMtJc0pPzMybLQlldyhm5pTe/Yyi1LZlr5SwroYGrBVMtSKsNyw0YrxKX7CODqUpJwqKze0uh0adOdGPllmgyoeoVG4JS3DWpKpDbVGFKSk0lvc0VScW7rdhFqFNwTRz8TS8SrOfNs6Up/RuXMVtqZ6akcupQ9hOrSlDWK1X7nflBMzlSi90mZzWpccCGNnTUkoqN1bVmCqVXTVN1JNJ30VjvvC0XK7pxfwLRo04+mEV2Q/n/wBa/wBK5WDwzbzPNZ6u/M6UaSXI1SSLZeZuTHK21mqaLxglyCFMqDbTYBbkDuRVPgH4FnFcmVy+4E/6kDqujIEeUehAyRVkaRlW7LcjMq7tSl7qwC8q041XKnUa+IY4nESmkqjbbtuSOFrVHaMNldhp4SvlhUUfLKVov3Dbs4arSTjCcnqk3LnF9LHocE7UoxclOPJo8detCs4VqV5X2S1+B2sLf/F8ShWlaO8XujO41/MrtuDp1W47DEJ5klJanIoY6uklO0n2HIYybWkUizpzvOGa7SyxXdmRWEnJuUndsNxfJ6RlWG4HuIKtFWWZU0ygX7AAVBQQWCgCC6DyArMgmnUDt1L6JbIq2r7AVv7kD5X7EKPOSh7GM4tHSlSVjCpRJi657Ma6zU3Z6rUZqwysXqbEWN6NScMLJpWlUsl8R2M81ehQS8tON33OVTxVSnKCklKENkN0cbRXi1r5ZvaL/YNw7NeNxKU7eWnaKfV8xnFRjTVGorLxHlmuvRmGBr060EpPXe4xOlDE1adO+ZU9b9DFjcMwp23N4qwEiyEmMW61hoiNgWwGysjclyoL2ZYgtlSXuC5tkSAJoEWIVuG4FrkT6ATA2+wVZu62KtOxLvkFTZFBEJnfQgQnKK6GM4ohCoRxNNHPqqzaIQlaheQMqluQhitxpQtTkrLn1PTYGKjSUkrXIQT2tvg1mZeMmQhvHPVs7KykyECBmYHJohCgKTuWuQgBTJfQhCogVqQhBAPUhABexHJ2IQoEZt7kIQg//9k="
Indian,,,Formal,,Unisex,
Indian,,,Formal,,Unisex,
Indian,,,Formal,,Unisex,
Indian,,,Formal,,Unisex,
Indian,,,Formal,,Unisex,
Indian,,,Formal,,Unisex,
Indian,,,Formal,,Unisex,
Indian,,,Formal,,Unisex,
Indian,,,Formal,,Unisex,
Indian,,,Formal,,Unisex,
Indian,,,Formal,,Unisex,
Indian,,,Formal,,Unisex,
Indian,,,Formal,,Unisex,
Indian,,,Formal,,Unisex,
Indian,,,Formal,,Unisex,
Black,"Blouse (Puff Short Sleeve Tie Crop), Jeans (Cut Our Fringe Ripped Raw Hem Detail Curvy Jeans)","orange-puff-short-sleeve-tie-crop-blouse.jpg, ripped-fringe-flare-jeans.jpg",Vintage,"70000, 550000",Women,https://i.pinimg.com/564x/a2/31/d3/a231d33066b00421a85b899f0ff71d4b.jpg
Black,"Suit (Dusty Rose Slim Fit Suit), Shirt (Baige Tshirt), Tie (Butterfy Bow Tie), Pants (Dusty Rose Slim Fit Pants), Shoes (Tuxedo Shoes Patent Leather Black Round Toe)","dusty-rose-slim-fit-suit.jpg, butterfly-tie.jpg, baige-shirt.jpg, dusty-rose-slim-fit-pants.jpg, tuxedo-shoes-patent-leather-black-round-toe.jpg",Formal,"3000000, 300000, 60000, 600000, 900000",Man,https://perfecttux.com/cdn/shop/products/m288sk-4-main_1024x.jpg?v=1633510439
Black,"Cardigan (Who Decides War Cathedral Collegiate Pullover 'Cream'), Shirt (Round Neck T-Shirt 'Turqoise'), Jeans (Digital Print Stretch Denim Jeans), Shoes (Lanvin Curb Sneakers)","whodecidewarcathedral-cardigan-cream.jpg, roundneck-tshirt-turqoise.jpg, digitalprint-denim-jeans.jpg, lanvin-curb-sneakers.jpg",Bohemian,"13000000, 200000, 400000, 7000000",Man,https://www.instagram.com/p/CsRMdBsv64R/?hl=en
Black,"Cardigan (Blue Women Cardigan), Shorts (High-Waisted Denim Shorts), Sandals (Sakura Sandals)","blue-women-cardigan.jpg, high-waisted-denim-shorts.jpg, sakura-sandals.jpg",Casual,"684572, 595280, 67000",Women,https://www.instagram.com/p/CsY93VGrQtT/?hl=en
Black,"Jacket (Cotton bomber jacket Pastel), Shirt (white T-shirt), Jeans (Blue Denim Jeans), Shoes (Vans Authentic True white)","cotton-bomber-jacket-pastel.jpg, white-tshirt.jpg, blue-denim-jeans.jpg, vans-authentic-true-white.jpg",Casual,"1600000, 170000, 167000, 550000",Man,https://www.instagram.com/p/Csyzs8uN805/?hl=en
Black,"Sunglasses (Rush Sunglasses), Necklace (Jace Necklace), Dress (Claire Knitted Dress), Shoes (Adidas Velosamba Vegan Cycling Shoes)","rush-sunglasses.jpg, jace-necklace.jpg, claire-knitted-dress.jpg, adidas-velosamba-vegan-cycling-shoes.jpg",Vintage,"600000, 330000, 1200000, 1600000",Women,"https://lp.weekday.com/app003prod?set=key%5Bresolve.pixelRatio%5D,value%5B1%5D&set=key%5Bresolve.width%5D,value%5B1500%5D&set=key%5Bresolve.height%5D,value%5B10000%5D&set=key%5Bresolve.imageFit%5D,value%5Bcontainerwidth%5D&set=key%5Bresolve.allowImageUpscaling%5D,value%5B0%5D&set=key%5Bresolve.format%5D,value%5Bwebp%5D&set=key%5Bresolve.quality%5D,value%5B90%5D&set=ImageVersion%5B1%5D,origin%5Bdam%5D,source%5B%2F63%2F7c%2F637cebad9a0f0488b948cb0869595f628786a0ab.jpg%5D,type%5BLOOKBOOK%5D&call=url%5Bfile%3A%2Fproduct%2Fdynamic.chain%5D"
Black,"Sunglasses (Fare Sunglasses), Necklace (Hanness Necklace), Dress (Tania Ribbed Tube Dress), Shoes (Adidas Spezial Blue Fresh New Colourway)","fare-sunglasses.jpg, hanness-necklace.jpg, tania-ribbed-tube-dress.jpg, adidas-spezial-blue-fresh-new-colourway.jpg",Street,"250000, 250000, 700000, 1800000",Women,"https://lp.weekday.com/app003prod?set=key%5Bresolve.pixelRatio%5D,value%5B1%5D&set=key%5Bresolve.width%5D,value%5B1500%5D&set=key%5Bresolve.height%5D,value%5B10000%5D&set=key%5Bresolve.imageFit%5D,value%5Bcontainerwidth%5D&set=key%5Bresolve.allowImageUpscaling%5D,value%5B0%5D&set=key%5Bresolve.format%5D,value%5Bwebp%5D&set=key%5Bresolve.quality%5D,value%5B90%5D&set=ImageVersion%5B4%5D,origin%5Bdam%5D,source%5B%2Fcc%2F78%2Fcc78b178e21a99ec46edc627ea71c5a18a3ee440.jpg%5D,type%5BLOOKBOOK%5D&call=url%5Bfile%3A%2Fproduct%2Fdynamic.chain%5D"
Black,"T-Shirt (white T-Shirt), Jeans (Astro Loose Baggy Jeans), Shoes (Adidas Velosamba Vegan Cycling Shoes)","white-tshirt.jpg, astro-loose-baggy-jeans.jpg, adidas-velosamba-vegan-cycling-shoes.jpg",Casual,"150000, 890000, 1600000",Unisex,https://lp.weekday.com/app003prod?set=quality%5B79%5D%2Csource%5B%2Ffd%2F9a%2Ffd9a65dd3350d36bf4108d876e3548cf384f0270.jpg%5D%2Corigin%5Bdam%5D%2Ccategory%5Bladies_divided_brands_weekday%5D%2Ctype%5BLOOKBOOK%5D%2Cres%5Bm%5D%2Chmver%5B1%5D%2Ctarget%5Bhm.com%5D&call=url[file:/product/main]
Black,"Jacket (Blazer Black Leather Jacket),  Shirt (white T-Shirt), Skirt (Denim Skirt), Shoes (white Ballet Flats)","blazer-black-leather-jacket.jpg, white-tshirt.jpg, denim-skirt.jpg, white-ballet-flats.jpg",Casual,"206000, 150000, 260000, 300000",Women,https://www.pinterest.co.uk/today/best/easy-spring-outfits-for-2023/110077/
Black,"Top (One Shoulder Sleeveless Tank-Top), Pants (Cream Baggy Cargo Pants High Waist), Sandals (Flat Sandals)","one-shoulder-sleeveless-tanktop.jpg, cream-baggy-cargo-pants.jpg, flat-sandals.jpg",Street,"200000, 160000, 300000",Women,https://www.purewow.com/fashion/september-outfit-ideas
Black,"Cap (Black Essential Cotton Cap), Jacket (Raheem Tracksuit Jacket), Pants (Adidas Wiven Tracksuit Bottom) Shoes (Adidas Spezial Blue Fresh New Colourway)","black-essential-cotton-cap.jpg, raheem-tracksuit-jacket.jpg, blue-adidas-woven-tracksuit.jpg, adidas-spezial-blue-fresh-new-colourway.jpg",Casual,"250000, 890000, 937000, 1800000",Man,"https://lp.weekday.com/app003prod?set=key%5Bresolve.pixelRatio%5D,value%5B1%5D&set=key%5Bresolve.width%5D,value%5B1500%5D&set=key%5Bresolve.height%5D,value%5B10000%5D&set=key%5Bresolve.imageFit%5D,value%5Bcontainerwidth%5D&set=key%5Bresolve.allowImageUpscaling%5D,value%5B0%5D&set=key%5Bresolve.format%5D,value%5Bwebp%5D&set=key%5Bresolve.quality%5D,value%5B90%5D&set=ImageVersion%5B1%5D,origin%5Bdam%5D,source%5B%2F8a%2Feb%2F8aeb596e220be650b8e2867f34a8b4b4dee79900.jpg%5D,type%5BLOOKBOOK%5D&call=url%5Bfile%3A%2Fproduct%2Fdynamic.chain%5D"
Black,"Sweatshirt (Standard Terry Lightweight Sweatshirt), Pants (Blue Adidas Woven Tracksuit), Shoes (Adidas Velosamba Vegan Cycling Shoes)","black-essential-cotton-cap.jpg, standard-terry-lightweight-sweatshirt.jpg, blue-adidas-woven-tracksuit.jpg, adidas-velosamba-vegan-cycling-shoes.jpg",Casual,"674000, 937000, 1600000",Man,"https://lp.weekday.com/app003prod?set=key%5Bresolve.pixelRatio%5D,value%5B1%5D&set=key%5Bresolve.width%5D,value%5B1500%5D&set=key%5Bresolve.height%5D,value%5B10000%5D&set=key%5Bresolve.imageFit%5D,value%5Bcontainerwidth%5D&set=key%5Bresolve.allowImageUpscaling%5D,value%5B0%5D&set=key%5Bresolve.format%5D,value%5Bwebp%5D&set=key%5Bresolve.quality%5D,value%5B90%5D&set=ImageVersion%5B1%5D,origin%5Bdam%5D,source%5B%2F8a%2Feb%2F8aeb596e220be650b8e2867f34a8b4b4dee79900.jpg%5D,type%5BLOOKBOOK%5D&call=url%5Bfile%3A%2Fproduct%2Fdynamic.chain%5D"
Black,"Cap (Essential Cotton Frayed Edge Cap), Shirt (Dark Green Stripe Relaxed Structured Shirt), Tank Top (Dusty Khaki Standard Tank Top), Jeans (Stained Blue Galaxy Loose Straight Jeans), Shoes (Dr. Martens Vintage 2976 Leather Chelsea Boots Black)","essential-cotton-frayed-edge-cap.jpg, green-relaxed-structured-shirt.jpg, cream-standard-tank-top.jpg, galaxy-loose-straight-jeans.jpg, dr-martens-vintage-2976-leather-chelsea-boots-black.jpg",Casual,"374000, 824000, 250000, 1000000, 2000000",Man,"https://lp.weekday.com/app003prod?set=key%5Bresolve.pixelRatio%5D,value%5B1%5D&set=key%5Bresolve.width%5D,value%5B500%5D&set=key%5Bresolve.height%5D,value%5B10000%5D&set=key%5Bresolve.imageFit%5D,value%5Bcontainerwidth%5D&set=key%5Bresolve.allowImageUpscaling%5D,value%5B0%5D&set=key%5Bresolve.format%5D,value%5Bwebp%5D&set=key%5Bresolve.quality%5D,value%5B90%5D&set=ImageVersion%5B1%5D,origin%5Bdam%5D,source%5B%2F2e%2Fb6%2F2eb69afafd80ef91c5e4ffd61a44832207b5f34f.jpg%5D,type%5BLOOKBOOK%5D&call=url%5Bfile%3A%2Fproduct%2Fdynamic.chain%5D"
Black,"Necklace (Jace Necklace), Shirt (Eleven Grey Tyler Lightweight Denim Shirt), Trousers (Soft Stripe Dream Loose Linen Mix Trousers), Shoes (Vans Old Skool Black)","jace-necklace.jpg, tyler-lightweight-denim-shirt.jpg, dream-loose-linen-mix-trousers.jpg, vans-old-skool.jpg",Formal,"824000, 1000000, 1044000",Man,"https://lp.weekday.com/app003prod?set=key%5Bresolve.pixelRatio%5D,value%5B1%5D&set=key%5Bresolve.width%5D,value%5B1500%5D&set=key%5Bresolve.height%5D,value%5B10000%5D&set=key%5Bresolve.imageFit%5D,value%5Bcontainerwidth%5D&set=key%5Bresolve.allowImageUpscaling%5D,value%5B0%5D&set=key%5Bresolve.format%5D,value%5Bwebp%5D&set=key%5Bresolve.quality%5D,value%5B90%5D&set=ImageVersion%5B2%5D,origin%5Bdam%5D,source%5B%2Fd8%2F98%2Fd8980a75a9a3715e3624e2c9cc4dc24af25c1769.jpg%5D,type%5BLOOKBOOK%5D&call=url%5Bfile%3A%2Fproduct%2Fdynamic.chain%5D"
Black,"Necklace (Jace Necklace), Shirt (Relaxed Resort Terry Shirt), Jeans (Space Relaxed Straight Jeans), Shoes (Adidas Handball Spezial Low)","jace-necklace.jpg, relaxed-resort-terry-shirt.jpg, space-relaxed-straight-jeans.jpg, adidas-handball-spezial-low.jpg",Formal,"320000, 820000, 1000000, 2500000",Man,"https://lp.weekday.com/app003prod?set=key%5Bresolve.pixelRatio%5D,value%5B1%5D&set=key%5Bresolve.width%5D,value%5B1500%5D&set=key%5Bresolve.height%5D,value%5B10000%5D&set=key%5Bresolve.imageFit%5D,value%5Bcontainerwidth%5D&set=key%5Bresolve.allowImageUpscaling%5D,value%5B0%5D&set=key%5Bresolve.format%5D,value%5Bwebp%5D&set=key%5Bresolve.quality%5D,value%5B90%5D&set=ImageVersion%5B1%5D,origin%5Bdam%5D,source%5B%2F04%2F89%2F048943f0b4c5c83653bd146833b22d3488bd32fd.jpg%5D,type%5BLOOKBOOK%5D&call=url%5Bfile%3A%2Fproduct%2Fdynamic.chain%5D"
Black,"Necklace (Jace Necklace), Shirt (Eleven Grey Tyler Lightweight Denim Shirt), Jeans (Space Relaxed Straight Jeans), Shoes (Vans Old Skool Shoes)","jace-necklace.jpg, tyler-lightweight-denim-shirt.jpg, space-relaxed-straight-jeans.jpg, vans-old-skool.jpg",Formal,"320000, 1000000, 1000000, 1044000",Unisex,
Black,"Sunglasses (Dark Brown Sunglasses), Top (Dark Green Long Sleeve Shirt), Shirt (white Crew-neck T-shirt), Pants (Beige Chinos), Shoes (white Canvas Low Top Sneakers) ","dark-brown-sunglasses.jpg, dark-green-long-sleeve-shirt.jpg, white-crewneck-tshirt.jpg, beige-chinos.jpg, white-canvas-lowtop-sneakers.jpg",Casual,"300000, 180000, 150000, 250000, 800000",Man,https://lookastic.com/men/looks/summer/casual/fashion-over-40
Black,"Top (white Short Sleeve Shirt), Shirt (white Crew-neck T-shirt), Pants (Beige Check Chinos), Shoes (white Canvas Low-top Sneakers)","white-short-sleeve-shirt.jpg, white-crewneck-tshirt.jpg, beige-checkers chinos.jpg, white-canvas-lowtop-sneakers.jpg",Casual,"400000, 150000, 400000, 800000",Man,https://lookastic.com/men/looks/summer/casual
Black,"Top (Brown Long Sleeve Crop-top Hoodie), Pants (Chocolate Brown Joggers), Shoes (Converse Run Star Hike Brown Sneakers) ","brown-long-sleeve-croptop-hoodie.jpg, chocolate-brown-joggers.jpg, converse-rin-star-hike-brown-sneakers.jpg",Formal,"400000, 420000, 2500000",Women,https://www.pinterest.com/pin/brown-outfit-ideas--473159504613623938/
Black,"Top (Rainbow Sweater Turtleneck), Shorts (H&M Green Cargo Shorts), Shoes (Chalk Kitten Heel Lace-up Ankle Boots)","rainbow-sweater-turtleneck.jpg, h-and-m-green-cargo-shorts.jpg, chalk-kitten-heel-laceup-ankle-boots.jpg",Casual,"300000, 390000, 430000",Women,https://www.purewow.com/fashion/may-outfit-ideas
white,"Turtleneck (H&M Ribbed Mock Turtleneck), Skirt (Love Bonito Elinie Pleated Midi Skirt.jpg), Shoes (Modshoes the Faye Ladies Brogue)","ribbed-mock-turtleneck-top.jpg, flared-pleated-knee-length-skirt.jpg, modshoes-the-faye-ladies-brogue.jpg",Vintage,"200000, 749000, 600000",Women,https://www.mansworldindia.com/wp-content/uploads/2020/12/queens-gambit-fashion-2020.png
white,"Blouse (Top Animal Print), Skirt (Vista Pastel Fresh Long Skirt), Shoes (Viditi Seoul High Heels)","blousetop-animal-print.jpg, vista-pastel-fresh-long-skirt.jpg, viditi-seoul-high-heels.jpg",Vintage,"40000, 500000, 250000",Women,https://outfittrends.b-cdn.net/wp-content/uploads/2015/05/784f59aa18571b854d9f7402657f7396.jpg.webp
white,"Hoodie (Off-white Cropped Hoodie), Sweatpants (Off-white Black Sweatpants), Sandals (Off-white Black 'Meteor' Slides)","offwhite-cropped-hoodie.jpg, offwhite-black-sweatpants.jpg, offwhite-black-meteor-sandals.jpg",Casual,"1030000, 5600000, 3550000",Women,https://www.vitkac.com/us/p/sweatpants-with-logo-off-white-1-trousers-1615395
white,"Jumpsuit (Zara Rustic Beige Jumpsuit With Belt), Sandals (Velcro Sandals)","zara-rustic-beige-jumpsuit-with-belt.jpg, velcro-sandals.jpg",Casual,"654000, 5200000",Women,https://www.instagram.com/p/CsUP4hcMpqw/?hl=en
white,"Shirt (Cotton Striped Shirt Blue), Pants (High Waist Linen Pants), Shoes (Casual white Sneakers)","cotton-striped-shirt-blue.jpg, high-waisted-linen-pants.jpg, casual-white-sneakers.jpg",Casual,"370000, 200000, 600000",Women,https://www.instagram.com/p/CsZaSNcNjL3/?hl=en
white,"Sunglasses (Trek Sunglasses), Shirt (Black Shirt), Shorts (Astro Denim Loose Baggy Shorts), Bracelet (John Bracelet)","trek-sunglasses.jpg, black-shirt.jpg, astro-denim-loose-baggy-shorts.jpg, john-bracelet.jpg",Casual,"600000, 890000, 890000, 230000",Man,"https://lp.weekday.com/app003prod?set=key%5Bresolve.pixelRatio%5D,value%5B1%5D&set=key%5Bresolve.width%5D,value%5B1500%5D&set=key%5Bresolve.height%5D,value%5B10000%5D&set=key%5Bresolve.imageFit%5D,value%5Bcontainerwidth%5D&set=key%5Bresolve.allowImageUpscaling%5D,value%5B0%5D&set=key%5Bresolve.format%5D,value%5Bwebp%5D&set=key%5Bresolve.quality%5D,value%5B90%5D&set=ImageVersion%5B2%5D,origin%5Bdam%5D,source%5B%2F25%2Fc5%2F25c5fc463ac0e1b6232e1998310ddf0948c4cf1a.jpg%5D,type%5BLOOKBOOK%5D&call=url%5Bfile%3A%2Fproduct%2Fdynamic.chain%5D"
white,"T-Shirt (Fine Black T-Shirt), Trousers (Chase Pull On Trousers), Sandals (Flat Sandals)","fine-tshirt.jpg, chase-pull-on-trousers.jpg, flat-sandals.jpg",Street,"380000, 1000000, 250000",Women,"https://lp.weekday.com/app003prod?set=key%5Bresolve.pixelRatio%5D,value%5B1%5D&set=key%5Bresolve.width%5D,value%5B1500%5D&set=key%5Bresolve.height%5D,value%5B10000%5D&set=key%5Bresolve.imageFit%5D,value%5Bcontainerwidth%5D&set=key%5Bresolve.allowImageUpscaling%5D,value%5B0%5D&set=key%5Bresolve.format%5D,value%5Bwebp%5D&set=key%5Bresolve.quality%5D,value%5B90%5D&set=ImageVersion%5B2%5D,origin%5Bdam%5D,source%5B%2Fa7%2F76%2Fa7769f8435de8954b8cf0ea1b613b6e1d1c8eade.jpg%5D,type%5BLOOKBOOK%5D&call=url%5Bfile%3A%2Fproduct%2Fdynamic.chain%5D"
white,"Ear Cuffs (Cay Ear Cuffs), Dress (Lycke Shoulder Dress), Rings (Leona Toe Ring Set), Shoes (Ann Demeulemesteer Black Wedge Mules)","cay-ear-cuffs.jpg, lycke-shoulder-dress.jpg, leona-toe-ring-set.jpg, ann-demeulemesteer-black-wedge-mules.jpg",Casual,"225000, 1000000, 200000, 800000",Women,"https://lp.weekday.com/app003prod?set=key%5Bresolve.pixelRatio%5D,value%5B1%5D&set=key%5Bresolve.width%5D,value%5B450%5D&set=key%5Bresolve.height%5D,value%5B10000%5D&set=key%5Bresolve.imageFit%5D,value%5Bcontainerwidth%5D&set=key%5Bresolve.allowImageUpscaling%5D,value%5B0%5D&set=key%5Bresolve.format%5D,value%5Bwebp%5D&set=key%5Bresolve.quality%5D,value%5B90%5D&set=ImageVersion%5B1%5D,origin%5Bdam%5D,source%5B%2Fb4%2Fea%2Fb4ea6c6fa008762b88b71022983914e905da4e05.jpg%5D,type%5BLOOKBOOK%5D&call=url%5Bfile%3A%2Fproduct%2Fdynamic.chain%5D"
white,"Shirt (Cotton Poplin Shirt), Tank Top (Clean Fitted Tank Top), Jeans (Arrow Low Heavy Stitching)","cotton-poplin-shirt.jpg, clean-fitted-tank-top.jpg, arrow-low-heavy-stitching.jpg",Casual,"750000, 150000, 1200000",Women,"https://lp.weekday.com/app003prod?set=key[resolve.pixelRatio],value[]&set=key[resolve.width],value[475]&set=key[resolve.height],value[10000]&set=key[resolve.imageFit],value[containerwidth]&set=key[resolve.allowImageUpscaling],value[0]&set=key[resolve.format],value[jpeg]&set=key[resolve.quality],value[90]&set=source[/33/5d/335d07ffb3e5396fb864aa542c9c6046921ddddb.jpg],origin[dam],type[LOOKBOOK],ImageVersion[1]&call=url[file:/product/dynamic.chain]"
white,"Earrings (Kate Earrings), Shirt (Ava Linen Mix Short Sleeve Shirt), Skirt (Rhea Long Denim Skirt)","kate-earrings.jpg, ava-linen-mix-short-sleeve-shirt.jpg, rhea-long-denim-skirt.jpg",Casual,"800000,  250000, 970000",Women,https://lp.weekday.com/app003prod?set=quality%5B79%5D%2Csource%5B%2Fcf%2Fb8%2Fcfb800023a9425db632e5905b45621b74c359535.jpg%5D%2Corigin%5Bdam%5D%2Ccategory%5B%5D%2Ctype%5BLOOKBOOK%5D%2Cres%5Bm%5D%2Chmver%5B1%5D%2Ctarget%5Bhm.com%5D&call=url[file:/product/main]
white,"Denim Jacket (Loose Fit Denim Jacket), Vest (Rompi Rajut Middle Gauge Kerah Bulat), Chino (Chino Skinny Fit), Belt (Italian Leather Vintage Narrow Belt), Sneakers (Nike Air Force 1 Sneaker)","loose-fit-denim-jacket.jpg, rompi-rajut-middle-gauge-kerah-bulat.jpg, chino-skinny-fit.jpg, italian-leather-vintage-narrow-belt.jpg, nike-air-force-1-sneaker.jpg",Casual,"800000, 300000, 600000, 499000, 1549000",Man,https://api.fastretailing.com/ugc/v1/uq/gl/OFFICIAL_IMAGES/221202081545_official_styling_130013462
white,"T-Shirt (white T-Shirt), Jeans (Astro Loose Baggy Jeans), Shoes (Adidas Velosamba Vegan Cycling Shoes)","white-tshirt.jpg, astro-loose-baggy-jeans.jpg, adidas-velosamba-vegan-cycling-shoes.jpg",Casual,"150000, 890000, 1600000",Unisex,
white,"Earrings (Cay Ear Cuffs), Shirt (Cream Relaxed Terry Shirt), Tank Top (Standard white Tank Top), Bracelet (John Bracelet), Shorts (Men Slim Fit Stretch Cotton Denim Bermuda Shorts), Sneaker (Nike Air Force 1 Sneaker)","cay-ear-cuffs.jpg, cream-relaxed-terry-shirt.jpg, 2-pack-standard-tank-top.jpg, john-bracelet.jpg, mens-slim-fit-stretch-cotton-denim-bermuda-shorts.jpg, nike-air-force-1-sneaker.jpg",Formal,"225000, 820000, 250000, 230000, 800000, 1549000",Man,"https://lp.weekday.com/app003prod?set=key%5Bresolve.pixelRatio%5D,value%5B1%5D&set=key%5Bresolve.width%5D,value%5B1500%5D&set=key%5Bresolve.height%5D,value%5B10000%5D&set=key%5Bresolve.imageFit%5D,value%5Bcontainerwidth%5D&set=key%5Bresolve.allowImageUpscaling%5D,value%5B0%5D&set=key%5Bresolve.format%5D,value%5Bwebp%5D&set=key%5Bresolve.quality%5D,value%5B90%5D&set=ImageVersion%5B4%5D,origin%5Bdam%5D,source%5B%2Fa0%2Fe5%2Fa0e5ab1dcbd9f3c2925dad9322ee34e26fe30837.jpg%5D,type%5BLOOKBOOK%5D&call=url%5Bfile%3A%2Fproduct%2Fdynamic.chain%5D"
white,"Earrings (Cay Ear Cuffs), Necklace (Jace Necklace), Shirt (Black Relaxed Resort Terry Shirt), Short (Austin Jersey Short), Shoes (Dr. Martens Vintage 2976 Leather Chelsea Boots Black)","cay-ear-cuffs.jpg, jace-necklace.jpg, black-relaxed-resort-terry-shirt.jpg, austin-jersey-short.jpg, dr-martens-vintage-2976-leather-chelsea-boots-black.jpg",Street,"225000, 320000, 820000, 675000, 2000000",Man,"https://lp.weekday.com/app003prod?set=key%5Bresolve.pixelRatio%5D,value%5B1%5D&set=key%5Bresolve.width%5D,value%5B1500%5D&set=key%5Bresolve.height%5D,value%5B10000%5D&set=key%5Bresolve.imageFit%5D,value%5Bcontainerwidth%5D&set=key%5Bresolve.allowImageUpscaling%5D,value%5B0%5D&set=key%5Bresolve.format%5D,value%5Bwebp%5D&set=key%5Bresolve.quality%5D,value%5B90%5D&set=ImageVersion%5B1%5D,origin%5Bdam%5D,source%5B%2Fa9%2Fb3%2Fa9b3729f516399b01ce02714330ba7360634d677.jpg%5D,type%5BLOOKBOOK%5D&call=url%5Bfile%3A%2Fproduct%2Fdynamic.chain%5D"
white,"Earrings (Cay Ear Cuffs), Shirt (Lighty Green Relaxed Resort Terry Shirt), Tank Top (Dusty Khaki Standard Tank Top), Shorts (Lighty Green Austin Jersey Shorts), Shoes (Skate Piero Original Lorentz Off white LT Grey)","cay-ear-cuffs.jpg, lighty-green-relaxed-resort-terry-shirt.jpg, dusty-khaki-standard-tank-top.jpg, lighty-green-austin-jersey-shorts.jpg, skate-piero-original-lorentz-off-white-lt-grey.jpg",Casual,"225000, 820000, 150000, 675000, 350000",Man,"https://lp.weekday.com/app003prod?set=key%5Bresolve.pixelRatio%5D,value%5B1%5D&set=key%5Bresolve.width%5D,value%5B1500%5D&set=key%5Bresolve.height%5D,value%5B10000%5D&set=key%5Bresolve.imageFit%5D,value%5Bcontainerwidth%5D&set=key%5Bresolve.allowImageUpscaling%5D,value%5B0%5D&set=key%5Bresolve.format%5D,value%5Bwebp%5D&set=key%5Bresolve.quality%5D,value%5B90%5D&set=ImageVersion%5B1%5D,origin%5Bdam%5D,source%5B%2F20%2Fec%2F20ecf89e1361c4b6b1c128a81056ea7fcfaa0d0a.jpg%5D,type%5BLOOKBOOK%5D&call=url%5Bfile%3A%2Fproduct%2Fdynamic.chain%5D"
white,"Jacket (Military Airborne Flight Tactical Bomber Jacket), Hoodie (H&M Relaxed Fit Grey Hoodie), Jeans (Blue Slim Fit Jeans), Shoes (Adidas Stan Smith white)","military-airborne-flight-tactical-bomber-jacket.jpg, h-and-m-relaxed-fit-grey-hoodie.jpg, blue-slim-fit-jeans.jpg, adidas-stan-smith-white.jpg",Casual,"580000, 500000, 415000, 1200000",Man,https://www.pinterest.com/madamsassypants/dude-fashion/
white,"Cap (Black Norton Caps), T-Shirt (Pocket Boxy Cut Oversized Grey T-Shirt), Pants (Teflon Switchable Cover Pants, Socks (Long Black Nike Shoes), Sneakers (Nike EXP X14 Just Do It Pack Black)","black-norton-caps.jpg, pocket-boxy-cut-oversized-grey-tshirt.jpg, teflon-switchable-cover-pants.jpg, long-black-nike-shoes.jpg, black-norton-caps.jpg",Street,"370000, 65000, 5000000, 150000, 2500000",Man,https://pbs.twimg.com/media/Dh8C7J3XcAACtNQ.jpg:large
white,"Waistcoast (Camel Hair Herringbone Jumper Waistcoat), Shirt (Gingham Brown Shirt), Tie (Brown Tie), Chino (Uniqlo Black Chino Skinny Fit), Shoes (Black Pantofel)","camel-hair herringbone-jumper-waistcoat.jpg, gingham-brown-shirt.jpg, brown-tie.jpg, uniqlo-black-chino-skinny-fit.jpg, black-pantofel.jpg",Vintage,"5000000, 800000, 220000, 600000, 1000000",Man,https://media.istockphoto.com/id/1141636771/photo/portrait-of-a-handsome-chinese-young-man-with-korean-style-clothes-walking-on-street-in-hurry.jpg?s=612x612&w=0&k=20&c=lpTlb9A2_DEaCCHC7v3X9cCuW4pZ--FDMIpG-EiI0Gs=
white,"Caps (Nike Sportswear Heritage 86), Shirt (AIRism Pique Short Sleeve Polo), Chinos (Asos Chinos Light Grey), Sneakers (Nike Air Force 1)","nike-sportswear-heritage-86-futura-washed-cap.jpg, pique-short-sleeve-polo-shirt.jpg, asos-chinos-light-grey.jpg, nike-air-force-1-sneaker.jpg",Casual,"249000, 299000, 303206, 1549000",Man,
white,Top (Double Patchwork I-Tech Tee) Pants (Summer Casual Straight-Leg Hip-Hop Grey Sweatpants) Shoes (Vintage Blue Converse),"double-patchwork-itech-tee.jpg, summer-casual-straightleg-hiphop-grey-sweatpants.jpg, vintage-blue-converse.jpg",Casual,"600000, 700000, 799000",Unisex,https://www.instagram.com/p/CsYodErva3K/?hl=en
Middle Eastern,"Blouse (Chiffon Ruffle Sleeve), Jeans (H&M Flare High Waist Jeans), Sneakers (Women Flat white Shoes Casual Embroidery Sneakers)","https://storage.cloud.google.com/mixmate/chiffon-ruffle-sleeve-blouse.jpg, h&m-flare-highwaist-jeans.jpg, women-flat-white-shoes-casual-embroidery-sneakers.jpg",Casual,"120000, 429900, 298600",Women,
Middle Eastern,"Shirt (Plain Button Front Plaid Shirt), Pants (Men Drawstring Waist Slant Pocket Pants), Sandals (Mint Crocs)","https://storage.cloud.google.com/mixmate/plain-button-front-plaid-shirt.jpg, men-drawstring-waist-slant-pocket-pants.jpg, mint-crocs.jpg",Formal,"640000, 460000, 744100",Man,https://www.instagram.com/p/CsWG7cBSXiY/?hl=en
Middle Eastern,"T-Shirt (white T-Shirt), Jeans (Astro Loose Baggy Jeans), Shoes (Adidas Velosamba Vegan Cycling Shoes)","white-tshirt.jpg, astro-loose-baggy-jeans.jpg, adidas-velosamba-vegan-cycling-shoes.jpg",Casual,"150000, 890000, 1600000",Unisex,
Middle Eastern,"Abaya (LB51 Organza Abaya), High Heels (High Heels Shoes)","lb51-organza-abaya.jpg, high-heels-shoes.jpg",Formal,"12000000, 1000000",Women,https://cdn.shopify.com/s/files/1/0527/8367/7631/products/LB51_011_1400x_d2bb9a55-08e1-472b-aff9-a409ddb32c06_700x.jpg?v=1648822203
Middle Eastern,,,Formal,,Unisex,
Middle Eastern,,,Formal,,Unisex,
Middle Eastern,,,Formal,,Unisex,
Middle Eastern,,,Formal,,Unisex,
Middle Eastern,,,Formal,,Unisex,
Middle Eastern,,,Formal,,Unisex,
Middle Eastern,,,Formal,,Unisex,
Middle Eastern,,,Formal,,Unisex,
Middle Eastern,,,Formal,,Unisex,
Middle Eastern,,,Formal,,Unisex,
Middle Eastern,,,Formal,,Unisex,
Middle Eastern,,,Formal,,Unisex,
Middle Eastern,,,Formal,,Unisex,
Middle Eastern,,,Formal,,Unisex,
Middle Eastern,,,Formal,,Unisex,
Middle Eastern,,,Formal,,Unisex,
Latino Hispanic,"Dress (Floral Print Rose Swing Dress), High Heels (Retro Black white Angkle Strappy High Heels)","https://storage.cloud.google.com/mixmate/Floral-Print-Rose-Swing-Dress-Black-Red.jpg, retro-black-white-ankle-strappy-high-heels.jpg",Vintage,"562000, 887000",Women,https://outfittrends.b-cdn.net/wp-content/uploads/2015/05/swing.jpg.webp
Latino Hispanic,"Earrings (Kate Earrings), Top (Ring Asymmetric Top), Sweater (Everyly Sweater), Skirt (Rhea Long Denim Skirt), Boots (Tommy Hilfiger Plaque Ankle Boots)","kate-earrings.jpg, ring-asymmetric-top.jpg, everyly-sweater.jpg, rhea-long-denim-skirt.jpg, monogram-plaque-ankle-boots.jpg",Casual,"250000, 330000, 820000, 970000, 2500000",Women,"https://lp.weekday.com/app003prod?set=key%5Bresolve.pixelRatio%5D,value%5B1%5D&set=key%5Bresolve.width%5D,value%5B1500%5D&set=key%5Bresolve.height%5D,value%5B10000%5D&set=key%5Bresolve.imageFit%5D,value%5Bcontainerwidth%5D&set=key%5Bresolve.allowImageUpscaling%5D,value%5B0%5D&set=key%5Bresolve.format%5D,value%5Bwebp%5D&set=key%5Bresolve.quality%5D,value%5B90%5D&set=ImageVersion%5B1%5D,origin%5Bdam%5D,source%5B%2F02%2F2d%2F022da268fda8620c0211b043e8f4bdf6d942035b.jpg%5D,type%5BLOOKBOOK%5D&call=url%5Bfile%3A%2Fproduct%2Fdynamic.chain%5D"
Latino Hispanic,"T-Shirt (white T-Shirt), Jeans (Astro Loose Baggy Jeans), Shoes (Adidas Velosamba Vegan Cycling Shoes)","white-tshirt.jpg, astro-loose-baggy-jeans.jpg, adidas-velosamba-vegan-cycling-shoes.jpg",Casual,"150000, 890000, 1600000",Unisex,
Latino Hispanic,"Sunglasses (Trek Sunglasses), Dress (Maeve Oversized Dress), Boots (Ankle Boots)","trek-sunglasses.jpg, maeve-oversized-dress.jpg, ankle-boots.jpg",Street,"600000, 1200000, 800000",Women,https://lp.weekday.com/app003prod?set=quality%5B79%5D%2Csource%5B%2Fec%2F4f%2Fec4f9922ffb418bca24fd9873a2a975a8672e749.jpg%5D%2Corigin%5Bdam%5D%2Ccategory%5B%5D%2Ctype%5BLOOKBOOK%5D%2Cres%5Bm%5D%2Chmver%5B1%5D%2Ctarget%5Bhm.com%5D&call=url[file:/product/main]
Latino Hispanic,,,Formal,,Unisex,
Latino Hispanic,,,Formal,,Unisex,
Latino Hispanic,,,Formal,,Unisex,
Latino Hispanic,,,Formal,,Unisex,
Latino Hispanic,,,Formal,,Unisex,
Latino Hispanic,,,Formal,,Unisex,
Latino Hispanic,,,Formal,,Unisex,
Latino Hispanic,,,Formal,,Unisex,
Latino Hispanic,,,Formal,,Unisex,
Latino Hispanic,,,Formal,,Unisex,
Latino Hispanic,,,Formal,,Unisex,
Latino Hispanic,,,Formal,,Unisex,
Latino Hispanic,,,Formal,,Unisex,
Latino Hispanic,,,Formal,,Unisex,
Latino Hispanic,,,Formal,,Unisex,
Latino Hispanic,,,Formal,,Unisex,